{
  "f1": 0.770637060885924,
  "precision": 0.7636362247934136,
  "recall": 0.7777776337448826,
  "roc_auc": 0.8832660515186466,
  "TP": 42,
  "TN": 1143,
  "FP": 13,
  "FN": 12,
  "threshold": 0.18173883412811076,
  "Hit@100%": 0.9722222222222222,
  "Hit@150%": 0.9814814814814815,
  "NDCG@100%": 0.9701269038376766,
  "NDCG@150%": 0.975804192659579,
  "Hit@100%_elev": 0.9722222222222222,
  "Hit@150%_elev": 0.9814814814814815,
  "NDCG@100%_elev": 0.9701269038376766,
  "NDCG@150%_elev": 0.975804192659579,
  "method": "pot",
  "machine": "media-server",
  "n_anomaly_segments": 7
}