{
  "f1": 0.8484797184250791,
  "precision": 0.933333125925972,
  "recall": 0.7777776337448826,
  "roc_auc": 0.8875913110342175,
  "TP": 42,
  "TN": 1153,
  "FP": 3,
  "FN": 12,
  "threshold": 0.313844674971563,
  "Hit@100%": 0.8796296296296297,
  "Hit@150%": 0.9814814814814815,
  "NDCG@100%": 0.8775343112450841,
  "NDCG@150%": 0.9416310216939734,
  "Hit@100%_elev": 0.9537037037037037,
  "Hit@150%_elev": 0.9629629629629629,
  "NDCG@100%_elev": 0.9557990220882493,
  "NDCG@150%_elev": 0.9614763109101516,
  "method": "pot",
  "machine": "media-server",
  "n_anomaly_segments": 3
}