{
  "threshold": 0.18173883412811076,
  "method": "pot",
  "details": {
    "q": 1e-05,
    "level": 0.99995,
    "scale": 1.06
  },
  "feature_baselines": [
    0.001508393557742238,
    0.07577066123485565,
    0.01491326279938221,
    0.07870860397815704
  ]
}