{
  "threshold": 0.313844674971563,
  "method": "pot",
  "details": {
    "q": 1e-05,
    "level": 0.99995,
    "scale": 1.06
  },
  "feature_baselines": [
    0.0004061800427734852,
    0.05227617546916008,
    0.00038218521513044834,
    0.0006201199139468372
  ]
}